appointment_id,customer_id,service_type,staff_id,booking_timestamp,status,price,duration_mins
1,C107,Manicure,S02,2025-09-27 11:45:00,Completed,800,60
2,C104,Pedicure,S01,2025-09-18 10:15:00,Completed,900,75
3,C127,Haircut,S02,2025-09-15 16:45:00,Cancelled,300,30
4,C129,Pedicure,S05,2025-09-19 15:45:00,Completed,900,75
5,C106,Facial,S04,2025-09-03 14:15:00,Completed,800,60
6,C109,Pedicure,S05,2025-09-09 10:45:00,Cancelled,700,60
7,C110,Massage,S01,2025-09-11 17:00:00,Completed,1000,60
8,C113,Manicure,S05,2025-09-29 14:15:00,Completed,800,60
9,C124,Manicure,S01,2025-09-04 09:45:00,Completed,600,45
10,C120,Manicure,S01,2025-09-24 10:30:00,Completed,600,45
11,C110,Haircut,S03,2025-09-27 16:30:00,Cancelled,300,30
12,C125,Massage,S03,2025-09-22 14:30:00,Completed,1000,60
13,C112,Spa Therapy,S04,2025-09-06 13:15:00,Completed,2000,120
14,C115,Pedicure,S01,2025-09-03 16:30:00,Completed,900,75
15,C107,Hair Coloring,S05,2025-09-14 12:30:00,Completed,2000,120
16,C103,Haircut,S03,2025-09-07 17:45:00,Cancelled,300,30
17,C114,Manicure,S03,2025-09-07 17:30:00,Completed,800,60
18,C105,Haircut,S03,2025-09-23 10:30:00,Cancelled,300,30
19,C111,Hair Coloring,S04,2025-09-23 17:00:00,Completed,2500,150
20,C129,Hair Coloring,S02,2025-09-11 14:15:00,Completed,2000,120
21,C111,Hair Coloring,S03,2025-09-24 09:15:00,Completed,2500,150
22,C123,Facial,S04,2025-09-04 13:00:00,Cancelled,800,60
23,C107,Massage,S04,2025-09-29 14:30:00,Cancelled,1500,90
24,C101,Spa Therapy,S05,2025-09-11 13:15:00,Completed,2000,120
25,C104,Haircut,S03,2025-09-18 09:45:00,No-show,300,30
26,C101,Haircut,S02,2025-09-08 10:00:00,No-show,300,30
27,C116,Massage,S02,2025-09-30 12:00:00,Completed,1500,90
28,C112,Hair Coloring,S03,2025-09-18 11:15:00,Completed,2000,120
29,C128,Manicure,S01,2025-09-26 15:15:00,Cancelled,600,45
30,C101,Manicure,S04,2025-09-16 14:00:00,No-show,800,60
31,C128,Hair Coloring,S05,2025-09-21 17:00:00,Completed,2500,150
32,C110,Pedicure,S03,2025-09-06 11:30:00,Completed,700,60
33,C102,Massage,S03,2025-09-09 16:45:00,Completed,1000,60
34,C110,Massage,S04,2025-09-22 10:30:00,Completed,1000,60
35,C103,Spa Therapy,S02,2025-09-07 16:15:00,Completed,2000,120
36,C127,Facial,S01,2025-09-16 15:00:00,Completed,800,60
37,C107,Pedicure,S03,2025-09-09 17:45:00,Completed,900,75
38,C117,Haircut,S04,2025-09-11 13:30:00,Completed,700,60
39,C121,Spa Therapy,S04,2025-09-26 16:45:00,Completed,2000,120
40,C117,Facial,S03,2025-09-14 17:00:00,Completed,1200,75
41,C116,Massage,S03,2025-09-02 11:00:00,Completed,1000,60
42,C100,Haircut,S02,2025-09-12 12:15:00,Cancelled,300,30
43,C105,Facial,S01,2025-09-19 15:45:00,Completed,800,60
44,C128,Manicure,S02,2025-09-15 13:30:00,Completed,600,45
45,C117,Pedicure,S04,2025-09-19 13:30:00,Cancelled,900,75
46,C101,Pedicure,S03,2025-09-21 09:00:00,Cancelled,700,60
47,C121,Manicure,S04,2025-09-05 11:45:00,Completed,600,45
48,C115,Facial,S05,2025-09-23 15:30:00,Completed,800,60
49,C103,Facial,S01,2025-09-16 17:30:00,Completed,1200,75
50,C120,Haircut,S02,2025-09-20 13:15:00,Completed,700,60
51,C121,Pedicure,S01,2025-09-27 09:15:00,Completed,900,75
52,C109,Pedicure,S01,2025-09-15 10:00:00,Cancelled,700,60
53,C105,Facial,S02,2025-09-05 17:30:00,Cancelled,1200,75
54,C115,Facial,S02,2025-09-10 16:00:00,Completed,1200,75
55,C125,Spa Therapy,S05,2025-09-12 13:45:00,Completed,1500,90
56,C113,Pedicure,S03,2025-09-21 16:15:00,No-show,900,75
57,C100,Manicure,S04,2025-09-29 11:00:00,Completed,800,60
58,C105,Facial,S04,2025-09-28 17:45:00,Completed,800,60
59,C114,Pedicure,S05,2025-09-25 13:45:00,Completed,900,75
60,C105,Manicure,S05,2025-09-16 13:45:00,Completed,800,60
61,C107,Pedicure,S02,2025-09-04 12:45:00,Completed,900,75
62,C115,Pedicure,S02,2025-09-21 10:45:00,Cancelled,900,75
63,C127,Facial,S05,2025-09-03 11:15:00,Completed,800,60
64,C114,Pedicure,S05,2025-09-08 14:15:00,Completed,900,75
65,C124,Pedicure,S03,2025-09-27 13:00:00,Completed,700,60
66,C118,Haircut,S01,2025-09-04 16:45:00,Cancelled,300,30
67,C103,Spa Therapy,S03,2025-09-07 17:15:00,Completed,2000,120
68,C118,Manicure,S02,2025-09-11 11:00:00,Completed,600,45
69,C115,Hair Coloring,S03,2025-09-09 15:15:00,Completed,2000,120
70,C115,Facial,S02,2025-09-15 10:15:00,No-show,800,60
71,C126,Manicure,S01,2025-09-16 10:15:00,Completed,600,45
72,C104,Spa Therapy,S05,2025-09-29 14:30:00,Completed,1500,90
73,C110,Pedicure,S04,2025-09-24 17:30:00,Completed,700,60
74,C114,Facial,S04,2025-09-01 09:45:00,No-show,1200,75
75,C104,Haircut,S03,2025-09-01 09:00:00,Completed,700,60
